<configuration>

    <appender name="STDOUT" class="ch.qos.logback.core.ConsoleAppender">
        <layout class="ch.qos.logback.classic.PatternLayout">
            <Pattern>
                %date{yyyy-MM-dd HH:mm:ss.SSS} [%-5level] [%thread] [%class{0}.%method:%line] - %msg %xException%n
            </Pattern>
        </layout>
    </appender>

    <logger name="org.springframework" level="WARN" additivity="false">
        <appender-ref ref="STDOUT" />
    </logger>

    <root level="debug">
        <appender-ref ref="STDOUT" />
    </root>

</configuration>