<?xml version="1.0" encoding="UTF-8"?>
<beans xmlns="http://www.springframework.org/schema/beans"
       xmlns:xsi="http://www.w3.org/2001/XMLSchema-instance"
       xmlns:context="http://www.springframework.org/schema/context"
       xmlns:mvc="http://www.springframework.org/schema/mvc"
       xmlns:beans="http://www.springframework.org/schema/beans"
       xsi:schemaLocation="http://www.springframework.org/schema/beans http://www.springframework.org/schema/beans/spring-beans.xsd http://www.springframework.org/schema/context http://www.springframework.org/schema/context/spring-context.xsd http://www.springframework.org/schema/mvc http://www.springframework.org/schema/mvc/spring-mvc.xsd">

    <mvc:annotation-driven />
    <context:component-scan base-package="com.okay.controller" use-default-filters="false">
        <context:include-filter type="annotation" expression="org.springframework.stereotype.Controller"/>
    </context:component-scan>

<!--    &lt;!&ndash; jsp 뷰 리졸버 설정 &ndash;&gt;-->
<!--    <beans:bean class="org.springframework.web.servlet.view.InternalResourceViewResolver">-->
<!--        <beans:property name="prefix" value="/WEB-INF/views/" />-->
<!--        <beans:property name="suffix" value=".jsp" />-->
<!--        <beans:property name="viewNames" value="jsp/*" />-->
<!--    </beans:bean>-->

    <!-- Thymeleaf 뷰 리졸버 -->
    <beans:bean id="templateResolver"
                class="org.thymeleaf.templateresolver.ServletContextTemplateResolver">
        <beans:property name="characterEncoding" value="UTF-8"/>
        <beans:property name="cacheable" value="false"/>
        <beans:property name="prefix" value="/WEB-INF/views/" />
        <beans:property name="suffix" value=".html" />
        <beans:property name="templateMode" value="HTML5"/>
    </beans:bean>

    <beans:bean id="templateEngine"
                class="org.thymeleaf.spring5.SpringTemplateEngine">
        <beans:property name="templateResolver" ref="templateResolver" />
        <property name="enableSpringELCompiler" value="true" />
    </beans:bean>

    <beans:bean class="org.thymeleaf.spring5.view.ThymeleafViewResolver">
        <beans:property name="characterEncoding" value="UTF-8"/>
        <beans:property name="templateEngine" ref="templateEngine" />
    </beans:bean>

<!--    <mvc:default-servlet-handler/>-->
<!--    <mvc:resources location="/WEB-INF/views/" mapping="/views/**" />-->
<!--    <mvc:resources mapping="/static/**" location="/static/" />-->
    <mvc:resources mapping="/resources/**" location="/resources/" />
    <mvc:resources location="/js/" mapping="/js/**"/>
    <mvc:resources location="/css/" mapping="/css/**"/>
    <mvc:resources location="/img/" mapping="/img/**"/>

</beans>